model,precision,recall,f1,roc_auc,pr_auc
rf,0.5864661654135338,0.7722772277227723,0.6666666666666666,0.9509593161150977,0.7173993961603781
xgb_weighted,0.50625,0.801980198019802,0.6206896551724138,0.9530989796227329,0.7402144905791996
xgb_smote,0.48466257668711654,0.7821782178217822,0.5984848484848485,0.946770823871378,0.7233005099931785
dt,0.4514285714285714,0.7821782178217822,0.572463768115942,0.86171919944288,0.5692958590664832
logreg,0.3936651583710407,0.8613861386138614,0.5403726708074534,0.9492435482080318,0.7385455865937742
