Model,Precision,Recall,F1-Score,ROC-AUC,PR-AUC
Logistic Regression,0.0933456561922366,1.0,0.17075232459847844,0.9535430607280911,0.7344592237385649
Decision Tree,0.5,0.594059405940594,0.5429864253393665,0.7658279589426832,0.3349224940978386
Random Forest,0.6842105263157895,0.5148514851485149,0.5875706214689266,0.9504597248715696,0.7133087574664608
Gradient Boosting SMOTE,0.42487046632124353,0.8118811881188119,0.5578231292517006,0.945832197898689,0.7319011091607556
